Estación Hidrológica,Río / Cuenca,Tramo Jurisdiccional,Nivel Actual (m),Media Histórica (m),Cota Alerta (m),Cota Evacuación (m),Margen Alerta (m),Estado Semáforo,Tendencia Río,Estación Meteo Cercana,Red,Distancia (km),Lluvia 24h (mm),Temp (°C),Tiempo Viaje a LP (días)
Aº El Aji - RN Nº35 y RN Nº7,Afluente Río Quinto,Cuenca Media (Córdoba),0.64,0.63,1.9,2.4,1.26,Vigilancia Ordinaria,Estable ▬,Vicuña Mackenna (Córdoba),Omixom Córdoba,5.8,0.0,S/D,7-10 d
Laguna La Margarita,Cuenca Río Quinto,Cuenca Media (Córdoba),1.35,1.34,2.4,3.0,1.05,Vigilancia Ordinaria,Estable ▬,Hipólito Bouchard (Córdoba),Omixom Córdoba,21.0,0.0,S/D,7-10 d
Quinto - Av Circunvalación,Río Quinto,Cuenca Alta (San Luis),-0.01,0.1,2.5,3.2,2.51,Vigilancia Ordinaria,Estable ▬,Villa Reynolds (San Luis),REM San Luis,1.7,0.0,18.3,7-10 d
Quinto - Canal Devoto RP 4,Río Quinto / Canal Devoto,Cuenca Media (Córdoba),0.94,0.97,2.8,3.4,1.86,Vigilancia Ordinaria,Bajando ▼,Río Bamba (Córdoba),Omixom Córdoba,29.4,0.0,S/D,7-10 d
Quinto - Dique Villa Mercedes,Río Quinto,Cuenca Alta (San Luis),1.08,1.07,2.8,3.5,1.72,Vigilancia Ordinaria,Creciendo ▲,Villa Mercedes (San Luis),REM San Luis,3.8,0.0,17.7,7-10 d
Quinto - Justo Daract,Río Quinto,Cuenca Alta (San Luis),1.79,1.76,2.9,3.6,1.11,Vigilancia Ordinaria,Estable ▬,Justo Daract (San Luis),REM San Luis,7.8,0.0,18.5,7-10 d
Quinto - R.N. 35,Río Quinto,Cuenca Media (Córdoba),1.13,1.14,2.6,3.2,1.47,Vigilancia Ordinaria,Estable ▬,Nicolás Bruzzone (Córdoba),Omixom Córdoba,25.1,0.0,S/D,7-10 d
Quinto - RP Nº26,Río Quinto,Ingreso Cuenca Baja (La Pampa),0.63,0.66,2.2,2.8,1.57,Vigilancia Ordinaria,Estable ▬,Hipólito Bouchard (Córdoba),Omixom Córdoba,14.4,0.0,S/D,7-10 d
Trapiche - Hosteria El Trapiche,Río Trapiche (Afluente),Cuenca Alta (San Luis),0.31,0.3,1.8,2.3,1.49,Vigilancia Ordinaria,Estable ▬,El Trapiche (San Luis),REM San Luis,0.6,0.0,14.2,7-10 d
